iso3,value,value.sd,quantity
AFG,953938.936786659,8436.47298971188,totnewtx
ALB,24859.6914546917,336.695359779123,totnewtx
DZA,665852.158353547,4611.13894234369,totnewtx
ASM,175.18125,1.0948828125,totnewtx
AND,439.704697986577,5.90207648304131,totnewtx
AGO,1052742.63675345,40396.9587569694,totnewtx
AIA,9,0,totnewtx
ATG,125.539130434783,2.18328922495274,totnewtx
ARG,476227.04133949,3045.95250343551,totnewtx
ARM,41325.9153315946,913.219414191322,totnewtx
ABW,319.390243902439,3.89500297441999,totnewtx
AUS,45318.5459820401,351.186954818853,totnewtx
AUT,44956.7698294949,20.5230512106525,totnewtx
AZE,167410.876785714,11361.8806017279,totnewtx
BHS,2202.21755545068,17.6676255038516,totnewtx
BHR,7218.76173230723,2.17859113695706,totnewtx
BGD,4168545.17766051,50026.5666607239,totnewtx
BRB,292.563176895307,4.22473901653873,totnewtx
BLR,177069.019045625,6527.05324800235,totnewtx
BEL,54627.7726395855,388.4133092932,totnewtx
BLZ,3148.35139367366,98.6016722102619,totnewtx
BEN,108971.776410098,2477.29238227551,totnewtx
BMU,84,0,totnewtx
BTN,42466.0955303191,648.009592983402,totnewtx
BOL,338893.060579533,5147.4177815576,totnewtx
BES,0.5,0.0249427157870007,totnewtx
BIH,95929.4288614997,1598.4794892319,totnewtx
BWA,224886.322999377,5373.07872746613,totnewtx
BRA,3141647.08220138,54483.428917979,totnewtx
VGB,43,0,totnewtx
BRN,8168.60271716756,134.583060114031,totnewtx
BGR,105414.244762176,2966.03627190646,totnewtx
BFA,122671.392966425,920.288262863513,totnewtx
BDI,203352.456055029,2675.08661294731,totnewtx
CPV,10556.6503428012,221.941473696847,totnewtx
KHM,870548.248004581,11227.1428419053,totnewtx
CMR,502159.991864026,4157.04204614177,totnewtx
CAN,68528.1226631997,2136.17608481566,totnewtx
CYM,78,0,totnewtx
CAF,176819.624918664,2538.89920160105,totnewtx
TCD,207535.073086659,4789.61484448933,totnewtx
CHL,160050.653213311,1931.66409810014,totnewtx
CHN,20982842.4472029,450074.177132505,totnewtx
HKG,235191.657318149,4861.97775143599,totnewtx
MAC,16107.9049594689,406.657672747056,totnewtx
COL,449575.420028001,5238.4643884994,totnewtx
COM,5609.55687409551,92.5455113816047,totnewtx
COG,249807.28192077,1493.90833071439,totnewtx
COK,96.8571428571429,1.97667638483965,totnewtx
CRI,18294.5359281437,317.689546057586,totnewtx
CIV,575045.295672318,4468.00144358999,totnewtx
HRV,71843.1704781705,882.415569118573,totnewtx
CUB,32431.5718157182,319.358865803415,totnewtx
CUW,54,0,totnewtx
CYP,1804.40476190476,7.16033635676493,totnewtx
CZE,66764.4681103486,134.35310226594,totnewtx
PRK,1489780.60839338,32328.3330188725,totnewtx
COD,2716166.03147907,33453.4641618196,totnewtx
DNK,14739.5381214718,142.35288126566,totnewtx
DJI,108797.982337008,770.690707890094,totnewtx
DMA,370.794029850746,7.74793495210515,totnewtx
DOM,146972.996617636,3219.88116927807,totnewtx
ECU,225271.112347549,5555.0057165472,totnewtx
EGY,294138.667181893,2573.59986594716,totnewtx
SLV,81479.6171069245,827.511168456931,totnewtx
GNQ,21641.7464943837,244.683133406878,totnewtx
ERI,191068.806763755,1492.90145495437,totnewtx
EST,17227.6077487023,458.128863953638,totnewtx
SWZ,164275.272736983,5234.07646568634,totnewtx
ETH,3796194.62879978,10502.6581157156,totnewtx
FJI,8306.5253600501,46.8119776082973,totnewtx
FIN,29822.624271812,53.2242006399985,totnewtx
FRA,306202.701283756,558.95252917926,totnewtx
PYF,2570.95998430757,71.6116747296342,totnewtx
GAB,95976.7306575558,1525.49836366428,totnewtx
GMB,55854.4308170814,924.959891641311,totnewtx
GEO,128897.957069697,2908.26836646737,totnewtx
DEU,442400.965329189,1600.38887480985,totnewtx
GHA,398602.947901621,3462.80747359299,totnewtx
GRC,49511.1616420513,143.543778369358,totnewtx
GRL,2778.01492537313,72.5600913343729,totnewtx
GRD,108,0,totnewtx
GUM,2504.80500255232,16.6219831716081,totnewtx
GTM,148597.988375439,2581.63210856711,totnewtx
GIN,243061.057317664,1764.36453899926,totnewtx
GNB,57597.5594434137,989.171112737273,totnewtx
GUY,15648.7453107056,359.419950992346,totnewtx
HTI,432870.711763897,1657.74500358323,totnewtx
HND,134992.363552739,2471.60442808639,totnewtx
HUN,113646.768662719,2185.14075493847,totnewtx
ISL,523.034285714286,5.97753469387755,totnewtx
IND,50013994.4010409,1025470.96234376,totnewtx
IDN,6989237.14923949,50493.7850138647,totnewtx
IRN,462548.661848068,1005.43047821228,totnewtx
IRQ,462671.352371572,8298.01811408194,totnewtx
IRL,20579.9448316482,43.4346533700241,totnewtx
ISR,13915.873689538,129.791606243251,totnewtx
ITA,158343.825395579,1063.12749391982,totnewtx
JAM,4479.23139946856,76.373077448866,totnewtx
JPN,1510380.74018303,17189.1227594949,totnewtx
JOR,17755.6689730101,80.2091633616077,totnewtx
KAZ,634325.122521454,27873.1597850619,totnewtx
KEN,2184005.85199897,22988.4483067597,totnewtx
KIR,10264.241252302,88.2132458761377,totnewtx
KWT,25019.5306594041,25.8103600926427,totnewtx
KGZ,185894.437747364,3194.63001049008,totnewtx
LAO,144891.607515073,1483.5748235402,totnewtx
LVA,42649.6946008828,1045.53704588594,totnewtx
LBN,30697.2122236886,164.575948081471,totnewtx
LSO,266354.979751297,1723.30032912525,totnewtx
LBR,130121.693019686,658.013708738147,totnewtx
LBY,48947.7296019216,74.7069208526338,totnewtx
LTU,68904.6330033454,3042.75833807839,totnewtx
LUX,1492.42857142857,7.10680272108844,totnewtx
MDG,634166.621309934,6425.85898179047,totnewtx
MWI,647600.830091745,10734.5703007731,totnewtx
MYS,616839.925783576,5279.73479463375,totnewtx
MDV,5306.82746143592,54.5741159622052,totnewtx
MLI,155390.980271014,2077.48136282733,totnewtx
MLT,1059.09279368213,3.13650383124027,totnewtx
MHL,3776.81472081218,52.7220329047386,totnewtx
MRT,129824.965676336,3316.59737609142,totnewtx
MUS,5013.57483948636,53.3902705574025,totnewtx
MEX,753777.130194017,10256.5838952795,totnewtx
FSM,5033.67435283881,58.034531368383,totnewtx
MCO,16,0,totnewtx
MNG,124520.940096796,1254.16031427631,totnewtx
MNE,1567.26335637964,29.0361474213213,totnewtx
MSR,56,0,totnewtx
MAR,1112002.00015802,7702.31642564168,totnewtx
MOZ,1202085.45012877,7694.537704732,totnewtx
MMR,2470123.3436968,65991.431786038,totnewtx
NAM,310451.762633873,7031.46615308963,totnewtx
NRU,192.958620689655,2.66149821640904,totnewtx
NPL,801775.778368553,7346.00632023709,totnewtx
NLD,49181.9396852612,364.399896020856,totnewtx
ANT,215,0,totnewtx
NCL,3155.37472283814,41.9783776874253,totnewtx
NZL,13348.3902383996,139.098232492631,totnewtx
NIC,98098.4938222399,654.040979789369,totnewtx
NER,212850.011887448,2048.66325755111,totnewtx
NGA,1809945.977666,11378.0960854098,totnewtx
NIU,27.2068965517241,1.87633769322235,totnewtx
MKD,33825.2935871744,502.507299930051,totnewtx
MNP,1893,0,totnewtx
NOR,11761.8226816505,40.3596900802969,totnewtx
OMN,18396.0944830226,84.491876897255,totnewtx
PAK,7144793.63313084,49552.1500565793,totnewtx
PLW,616.158490566038,1.16256318974724,totnewtx
PAN,48141.2944413181,1065.35693281724,totnewtx
PNG,440005.137631036,11451.2151345163,totnewtx
PRY,80722.9997754883,1208.74009043255,totnewtx
PER,1253522.24428225,21870.1987812373,totnewtx
PHL,7208625.59449073,129959.824948586,totnewtx
POL,504174.820439513,10713.3643151439,totnewtx
PRT,176756.83411086,1924.28665692258,totnewtx
PRI,8090.77658623771,7.23036334784425,totnewtx
QAT,14192.1488503429,8.01492875775717,totnewtx
KOR,1988459.76105871,30608.7974842647,totnewtx
MDA,128126.16454132,5766.73136369727,totnewtx
ROU,683750.912587403,23976.2940292591,totnewtx
RUS,3646247.0750994,69042.6423402793,totnewtx
RWA,187454.346620801,2176.39953360318,totnewtx
KNA,94.9489795918367,2.90660141607663,totnewtx
LCA,756.45945945946,27.2598003408814,totnewtx
VCT,414.498834498835,9.66197749414533,totnewtx
WSM,1240.9429280397,3.07926284873375,totnewtx
SMR,21.4615384615385,1.6508875739645,totnewtx
STP,4090.79796311588,59.6785830016906,totnewtx
SAU,152248.262598691,1665.24153932721,totnewtx
SEN,312813.314816539,4155.91156819246,totnewtx
SRB,30286.4049379499,612.544312956884,totnewtx
SCG,114517.409916171,1587.92891639899,totnewtx
SYC,590.915057915058,11.4076266006768,totnewtx
SLE,237353.127171224,1333.54333520945,totnewtx
SGP,72379.1420843256,1485.95994465305,totnewtx
SXM,30,0,totnewtx
SVK,44642.615476423,963.899971769218,totnewtx
SVN,17864.4747942667,308.680338288599,totnewtx
SLB,13733.4174757282,95.6748864387791,totnewtx
SOM,288791.063354794,3829.28576801695,totnewtx
ZAF,6654088.58008341,173337.523796636,totnewtx
SSD,89834.313948722,106.5976003937,totnewtx
ESP,302297.735714631,422.813017469231,totnewtx
LKA,302742.049994844,2696.93048416268,totnewtx
SDN,789116.968498329,16205.6595168671,totnewtx
SUR,3854.96626707555,45.2748867226296,totnewtx
SWE,22828.0216454065,85.2284020718318,totnewtx
CHE,29769.7091594242,75.7987570259647,totnewtx
SYR,156138.11341194,585.970041322343,totnewtx
TJK,155956.31489809,2624.11651989039,totnewtx
THA,2148219.63756706,4400.09093485091,totnewtx
TLS,66004.3488612124,365.18025574634,totnewtx
TGO,65598.4455568478,742.528158105173,totnewtx
TKL,20,0,totnewtx
TON,933.077253218884,4.00462340437289,totnewtx
TTO,6837.85600354453,119.165117178889,totnewtx
TUN,98259.173725703,753.469482101581,totnewtx
TUR,836245.748505198,13185.2875314262,totnewtx
TKM,103665.153499318,1153.85319434244,totnewtx
TCA,151.919191919192,6.1381491684522,totnewtx
TUV,813.962264150943,7.67888928444286,totnewtx
UGA,1092596.5536673,6572.96149025463,totnewtx
UKR,1142106.02211842,36240.3047503711,totnewtx
ARE,10674.281938326,26.8704391147287,totnewtx
GBR,274558.191668638,225.253956327007,totnewtx
TZA,1738723.62186192,8065.73103308199,totnewtx
USA,703120,0,totnewtx
URY,34136.6401869159,516.401011751511,totnewtx
UZB,563737.995831913,11577.6588132658,totnewtx
VUT,5226.18157181572,22.2562900851618,totnewtx
VEN,240798.437189208,3307.62481207968,totnewtx
VNM,2933550.33611913,14006.1289708672,totnewtx
WLF,376.952861952862,2.53840311079368,totnewtx
PSE,2601.84720992028,5.76139771904403,totnewtx
YEM,332071.959759444,2793.86602620693,totnewtx
ZMB,1268794.56452509,11256.5392584067,totnewtx
ZWE,1119511.15163107,13004.691235857,totnewtx
ABW,15.8048780487805,0.675369348149507,totnotx
AFG,980082.481582314,242679.410468698,totnotx
AGO,1131911.83586038,168132.138635936,totnotx
ALB,3654.82012104795,155.133407875295,totnotx
ARE,363.083700440529,19.4522295938019,totnotx
ARG,83758.829222523,3648.58251798543,totnotx
ARM,11204.7470193741,770.231760108803,totnotx
ATG,17.6869565217391,0.884414182116886,totnotx
AUS,6816.55252129864,290.926076969745,totnotx
AUT,7974.35799228504,347.527294397647,totnotx
AZE,39693.8991126886,2724.34256001671,totnotx
BDI,266986.267884756,36814.6468685039,totnotx
BEL,11416.2471476603,515.484788027549,totnotx
BEN,96749.3807923257,12817.7019211394,totnotx
BFA,185238.492417665,27139.2409352019,totnotx
BGD,5999915.12094548,953322.609010899,totnotx
BGR,33763.4939110006,2820.8680255757,totnotx
BHR,1106.66591217746,47.3746670846946,totnotx
BHS,301.561113732893,12.7676989692643,totnotx
BIH,28398.2353753376,1999.77512034569,totnotx
BLR,55444.9863560947,3971.67766623943,totnotx
BLZ,460.123708111494,19.6014691725503,totnotx
BOL,202796.44735767,25451.509711885,totnotx
BRA,510817.992255703,21379.7735281864,totnotx
BRB,17.7400722021661,0.820217186035643,totnotx
BRN,1297.76368876081,55.6471073247934,totnotx
BTN,10455.9750770027,713.081601865012,totnotx
BWA,110609.790656708,24897.8838052377,totnotx
CAF,464980.877222092,62526.0479446091,totnotx
CAN,9876.74813192829,417.330992573408,totnotx
CHE,4262.12021319935,180.377647191184,totnotx
CHL,29184.2943997639,1258.03466781712,totnotx
CHN,17851714.2732586,2079440.68189463,totnotx
CIV,960127.557160987,166283.769339285,totnotx
CMR,1339226.26071357,313484.771460324,totnotx
COD,2881460.24917253,349165.746767206,totnotx
COG,138446.974492844,9677.76939419975,totnotx
COL,128024.666491381,8977.06602663607,totnotx
COM,4787.68856729378,661.431615896843,totnotx
CPV,3714.68168462292,278.40172397525,totnotx
CRI,5083.16946107784,355.237446321857,totnotx
CUB,5634.86178861789,244.665182127939,totnotx
CUW,6,0.25359805052002,totnotx
CYP,265.940476190476,11.33747090765,totnotx
CZE,10067.6994698824,429.51305169262,totnotx
DEU,50684.9810035403,2094.15778871421,totnotx
DJI,28674.8388967306,2055.80945232774,totnotx
DNK,2604.59974154934,113.693308666431,totnotx
DOM,43524.3713128294,2683.55347743666,totnotx
DZA,168627.180974155,11551.7954147426,totnotx
ECU,54755.6324365024,3706.18281649273,totnotx
EGY,186929.499226015,5893.68431185684,totnotx
ERI,34800.9441799034,6777.57863922905,totnotx
ESP,43502.0699919188,1971.32342801602,totnotx
EST,3837.17343607856,173.652554243154,totnotx
ETH,4785453.0692363,734547.33945956,totnotx
FIN,6169.96881839916,275.77544921584,totnotx
FJI,2038.44708829054,146.472891956616,totnotx
FRA,63433.9937300343,2381.23128958666,totnotx
FSM,1162.44159234283,85.3461298097507,totnotx
GAB,142440.423809108,17265.8286811609,totnotx
GBR,34600.5895591888,992.971268654848,totnotx
GEO,123785.380835863,23831.9075540408,totnotx
GHA,1003530.67760214,181911.225046353,totnotx
GIN,313428.646920964,51238.2801763082,totnotx
GMB,28338.8016139879,2199.17372653767,totnotx
GNB,107988.183191095,10840.8996007088,totnotx
GNQ,10822.2437412818,356.834559331478,totnotx
GRC,1786.80459673523,78.3097522464328,totnotx
GRD,5,0.213459863155432,totnotx
GTM,38950.3411811946,2748.6575646484,totnotx
GUM,380.458397141399,17.794288317355,totnotx
GUY,4378.08051550338,307.053689323829,totnotx
HKG,36818.8001723049,1571.7859208592,totnotx
HND,34927.5228434178,2394.94086115388,totnotx
HRV,11173.060072218,552.099589835718,totnotx
HTI,351760.807647475,38652.9251483117,totnotx
HUN,16400.4781113089,714.656577160127,totnotx
IDN,18458031.2644706,1618786.00143326,totnotx
IND,56758363.8872666,10432566.7494643,totnotx
IRL,3021.60930597821,128.140320302955,totnotx
IRN,130385.124588639,9063.93910499423,totnotx
IRQ,182997.98911592,8951.75123948149,totnotx
ISL,95.8914285714286,4.22050839286813,totnotx
ISR,2177.49953004121,93.3275414659149,totnotx
ITA,29862.1489654089,1286.65812987435,totnotx
JAM,1376.12931798051,91.6695282004389,totnotx
JOR,4404.01509606587,302.974743927563,totnotx
JPN,244822.093683071,10548.5629305016,totnotx
KAZ,14289.4123571822,1872.09238842291,totnotx
KEN,2572021.23057816,295163.273067133,totnotx
KGZ,26931.4362135725,1601.98022838331,totnotx
KHM,1181649.11159682,307612.111717212,totnotx
KIR,2492.394106814,183.368261782464,totnotx
KOR,236591.570340505,5261.12811598879,totnotx
KWT,3686.19336469423,157.248006682272,totnotx
LAO,666536.999336645,248734.060173653,totnotx
LBN,4767.30344770703,206.123326698606,totnotx
LBR,190016.008063934,35489.3580162432,totnotx
LBY,24372.7440138114,3068.18786300191,totnotx
LCA,33.7387387387387,1.46262906536315,totnotx
LKA,142699.114825151,14150.4040582675,totnotx
LSO,283697.71259476,66714.6030397413,totnotx
LTU,14490.2064859698,655.183183387283,totnotx
LUX,321.461904761905,14.6140808780598,totnotx
LVA,8844.21057209333,398.987576916694,totnotx
MAC,2423.38711942299,103.228281951942,totnotx
MAR,163984.235774259,7039.58531160045,totnotx
MDA,24429.6445719901,1742.66047917783,totnotx
MDG,832510.73456756,123007.886941962,totnotx
MDV,1489.5229480099,106.573166637519,totnotx
MEX,193307.397775313,13252.397398747,totnotx
MKD,8156.51152304609,579.867209227585,totnotx
MLI,123934.935673122,14491.9990652932,totnotx
MLT,136.594274432379,6.18053734960133,totnotx
MMR,4559259.10979955,1456066.68101469,totnotx
MNE,252.05279698303,10.776546382906,totnotx
MNG,243217.791164018,59205.212733705,totnotx
MOZ,2396180.99817699,458246.961889168,totnotx
MRT,173536.493229545,30213.5148233355,totnotx
MUS,1353.78210272873,92.4451216044607,totnotx
MWI,603333.143970463,106470.114436398,totnotx
MYS,85548.4413283222,3602.81964461171,totnotx
NAM,203468.079685241,23596.3457619066,totnotx
NCL,593.991130820399,26.2962236656163,totnotx
NER,355868.491332997,74599.2784740013,totnotx
NGA,8130600.08959279,1213664.26153575,totnotx
NIC,27107.1601434835,1880.79285213408,totnotx
NLD,6408.16606453983,268.656932283426,totnotx
NOR,1681.21120356867,71.6486906649024,totnotx
NPL,242856.538059589,7746.71766516995,totnotx
NZL,2189.18026622547,96.0207688016744,totnotx
OMN,1516.00497566843,68.2386182615413,totnotx
PAK,10247987.5232598,2294921.13260636,totnotx
PAN,12439.9387231914,787.696207062883,totnotx
PER,362610.909253677,25531.2924671225,totnotx
PHL,15136338.4034775,4631743.95904084,totnotx
PNG,399264.417812503,56083.9162179304,totnotx
POL,116668.061646164,5329.63131993546,totnotx
PRI,1198.92761394102,48.8941715563034,totnotx
PRK,1172015.75427732,60084.3760258287,totnotx
PRT,31524.8224507427,1243.25321541657,totnotx
PRY,11014.8724025245,466.117656754665,totnotx
PSE,593.682462356068,40.3603755463341,totnotx
PYF,342.195370733621,14.6618336245769,totnotx
QAT,2081.82363856394,89.4308626044921,totnotx
ROU,140081.461033345,6283.80373238865,totnotx
RUS,22102.3643694993,2544.67829259049,totnotx
RWA,47792.9649264805,2272.51178772644,totnotx
SAU,25725.8885105396,1117.68925070335,totnotx
SDN,502072.478321497,156243.989778271,totnotx
SEN,187227.066859541,21073.9537318445,totnotx
SGP,11430.6528005286,488.388611701082,totnotx
SLB,3415.04194767657,240.073302357126,totnotx
SLE,257839.394686187,47947.542117164,totnotx
SLV,24025.1633058719,1690.4258285045,totnotx
SOM,625969.489681403,105150.949063211,totnotx
SRB,4691.17885410899,199.861995632777,totnotx
SSD,48228.8977084904,5359.55901717393,totnotx
STP,2802.51032204789,1019.42338854495,totnotx
SUR,944.727348759409,64.3525956819001,totnotx
SVK,11558.9182995899,544.231389446301,totnotx
SVN,3630.48514905444,161.497972702905,totnotx
SWE,3323.54504644651,142.43509261335,totnotx
SWZ,42203.0882210647,7376.40103021072,totnotx
SYC,78.4555984555984,3.3963079299396,totnotx
SYR,40916.7256128397,2845.3924748694,totnotx
TCD,243402.902488286,27718.367100061,totnotx
TGO,41299.6853644736,3282.19621092377,totnotx
THA,4622460.91067065,1366677.66320895,totnotx
TJK,266252.375466397,66317.1357588129,totnotx
TKM,25529.639933158,1732.05973674382,totnotx
TLS,32373.0357118283,3624.65771317262,totnotx
TON,172.257510729614,7.95652436057827,totnotx
TTO,1084.76030128489,40.0133673651313,totnotx
TUN,24831.8281148596,1710.96903552864,totnotx
TUR,150065.968896093,6592.16455212337,totnotx
TZA,3286761.36193971,626008.35457481,totnotx
UGA,834771.702358103,138686.47167393,totnotx
UKR,593942.43041442,125164.628042253,totnotx
URY,5994.45020443925,252.029491479145,totnotx
USA,110199,4474.77449881022,totnotx
UZB,272186.806335493,31007.2024224973,totnotx
VCT,228.545454545455,35.3541143615414,totnotx
VEN,63986.2764793088,4362.76608321486,totnotx
VNM,3919123.89162283,673655.536611152,totnotx
VUT,1969.5764614789,230.901899904471,totnotx
WSM,163.593052109181,7.04037735263173,totnotx
YEM,162070.686964952,5838.2423325403,totnotx
ZAF,3646441.56806847,415491.332237371,totnotx
ZMB,717484.194229588,120091.121958378,totnotx
ZWE,405387.063011146,97191.0453231314,totnotx
ABW,154.662434670106,7.16466641096551,totnewtx2020
AFG,537664.853353523,21717.8567067213,totnewtx2020
AGO,768783.897612902,34951.5260395421,totnewtx2020
ALB,12418.5445360022,433.847219950624,totnewtx2020
ARE,4310.3575700534,263.315895178579,totnewtx2020
ARG,250179.606447239,11112.6402757756,totnewtx2020
ARM,23216.6125115208,854.152935411057,totnewtx2020
ATG,54.6395351331541,2.11707044846,totnewtx2020
AUS,30197.23244573,677.670738806916,totnewtx2020
AUT,20711.8971396841,787.295386404764,totnewtx2020
AZE,110753.587599585,3118.67789146637,totnewtx2020
BDI,93135.1298090627,19927.0342222216,totnewtx2020
BEL,29688.0829343438,999.373775816322,totnewtx2020
BEN,62579.9141586791,2545.21252970589,totnewtx2020
BFA,59531.5613993619,3520.82426266015,totnewtx2020
BGD,2657013.39148833,78334.1975120947,totnewtx2020
BGR,44418.6696261029,2096.05379398044,totnewtx2020
BHR,5149.49246793913,114.186449288513,totnewtx2020
BHS,939.484818761321,41.6859481380869,totnewtx2020
BIH,28868.7405127004,1579.08000754308,totnewtx2020
BLR,67892.889551524,4038.09460088793,totnewtx2020
BLZ,1625.62222097498,72.761083897422,totnewtx2020
BOL,183552.125350786,8454.2448696308,totnewtx2020
BRA,1617102.51999647,74137.9523515494,totnewtx2020
BRB,119.911898681485,8.33840784924968,totnewtx2020
BRN,4030.7587222501,162.924907848513,totnewtx2020
BTN,23874.3207797504,1112.40241902191,totnewtx2020
BWA,73271.5068705181,188944.546562942,totnewtx2020
CAF,94662.9522907861,35007.186232807,totnewtx2020
CAN,37951.1688014652,1136.98034865113,totnewtx2020
CHE,17676.4029571152,491.613526806115,totnewtx2020
CHL,54026.3684814908,3350.77626675181,totnewtx2020
CHN,12707938.1252462,382660.836270627,totnewtx2020
CIV,250349.946368129,91140.7625417586,totnewtx2020
CMR,248867.41666213,60133.2896640927,totnewtx2020
COD,1732062.0338834,66178.8818992872,totnewtx2020
COG,126303.862714489,26774.584946477,totnewtx2020
COL,234138.113233376,9337.11073175943,totnewtx2020
COM,2589.99264919848,137.063113558376,totnewtx2020
CPV,5862.71250792155,228.094065957294,totnewtx2020
CRI,10410.3378622929,354.604737487282,totnewtx2020
CUB,15679.6485762634,718.51882902612,totnewtx2020
CUW,48.9472858893987,0.532899732477851,totnewtx2020
CYP,1280.9765925531,27.0836155533761,totnewtx2020
CZE,17438.013720277,1121.83734477833,totnewtx2020
DEU,188557.048181325,7805.89100606545,totnewtx2020
DJI,63330.8656956806,3226.38343299622,totnewtx2020
DNK,8688.94895130845,284.139178769004,totnewtx2020
DOM,80852.0841737857,4823.16676798868,totnewtx2020
ECU,132850.370128473,5248.75223666053,totnewtx2020
EGY,181933.851662481,6201.14955852147,totnewtx2020
ERI,85111.1349173927,5035.49795003387,totnewtx2020
ESP,124785.878039686,6694.13224294348,totnewtx2020
EST,5708.76056355762,388.419769230748,totnewtx2020
ETH,2184941.8992095,120739.754020803,totnewtx2020
FIN,8487.93484076882,411.972692123472,totnewtx2020
FJI,4396.36009959864,170.671516744101,totnewtx2020
FRA,152878.334331799,5826.12129535525,totnewtx2020
FSM,3170.44592447294,89.6439718219749,totnewtx2020
GAB,54360.6300700725,13440.1933357471,totnewtx2020
GBR,172449.532902114,4756.84892216866,totnewtx2020
GEO,76031.3203608616,2851.73323976198,totnewtx2020
GHA,176847.238022299,13739.090175163,totnewtx2020
GIN,160582.666661184,8074.58111897061,totnewtx2020
GMB,34646.4617481304,2261.21783549326,totnewtx2020
GNB,27729.8502686832,6658.31721581104,totnewtx2020
GNQ,12400.4262209474,4863.11849376911,totnewtx2020
GRC,19000.105854695,877.743845444893,totnewtx2020
GRD,35.6435569114562,1.56088369545878,totnewtx2020
GTM,76168.5159625493,3652.83389446298,totnewtx2020
GUM,1493.17020294994,38.0655224554867,totnewtx2020
GUY,8577.02336694618,388.462759996254,totnewtx2020
HKG,93871.9710833371,3739.10404867827,totnewtx2020
HND,72712.0216516315,3144.56952952934,totnewtx2020
HRV,17686.206855238,1076.98250299438,totnewtx2020
HTI,231659.965685486,23297.2297337886,totnewtx2020
HUN,24692.3731477556,1996.39385222922,totnewtx2020
IDN,5101101.41239006,122362.277877831,totnewtx2020
IND,29477957.215722,1111222.93588522,totnewtx2020
IRL,11414.6142981446,373.054308636147,totnewtx2020
IRN,198636.18239012,7713.24419141668,totnewtx2020
IRQ,241357.314735083,10325.5984088555,totnewtx2020
ISL,325.745283521494,8.93180048445377,totnewtx2020
ISR,7934.77884106515,205.972730415939,totnewtx2020
ITA,77072.6685799413,3532.0276000757,totnewtx2020
JAM,1844.32400536652,94.2603757299586,totnewtx2020
JOR,10534.5771285299,342.580724379529,totnewtx2020
JPN,375467.308000938,20131.6178254311,totnewtx2020
KAZ,366532.477283966,14978.4703584967,totnewtx2020
KEN,1043947.03739082,542130.147061657,totnewtx2020
KGZ,122583.95330093,3529.98599660722,totnewtx2020
KHM,502822.156749465,18477.6488148966,totnewtx2020
KIR,6776.91272640768,202.045249805542,totnewtx2020
KOR,853831.746933373,35221.5402777689,totnewtx2020
KWT,18086.2602492177,397.759768089439,totnewtx2020
LAO,57213.1963912764,2906.48178948784,totnewtx2020
LBN,21528.2401067062,517.049791081861,totnewtx2020
LBR,84663.849434974,6771.94850212821,totnewtx2020
LBY,33656.765297161,963.728021473406,totnewtx2020
LCA,224.944026719048,15.7155041169901,totnewtx2020
LKA,152385.050072876,6153.70785346893,totnewtx2020
LSO,90423.0704095824,237920.568288805,totnewtx2020
LTU,26611.4612492598,1576.91161076178,totnewtx2020
LUX,903.961912823007,29.5693016390248,totnewtx2020
LVA,17614.9043460166,978.223983517411,totnewtx2020
MAC,8956.40300730719,265.981950555668,totnewtx2020
MAR,768802.28098811,18493.8477011102,totnewtx2020
MDA,62698.0451383409,2795.65334089304,totnewtx2020
MDG,409616.514396788,14075.2408543418,totnewtx2020
MDV,3286.54274997509,83.8352058012443,totnewtx2020
MEX,388488.853254293,16264.4532439228,totnewtx2020
MKD,14507.7043059737,610.369201091327,totnewtx2020
MLI,86088.6382404711,3945.82481426468,totnewtx2020
MLT,818.541123838121,11.5641138879654,totnewtx2020
MMR,1716249.79118949,44907.8232168628,totnewtx2020
MNE,1068.46954705351,29.4165702143345,totnewtx2020
MNG,80746.7371031149,2647.4356028993,totnewtx2020
MRT,59690.8869634834,3204.88402541281,totnewtx2020
MUS,2464.47455416529,123.157919701074,totnewtx2020
MWI,196046.615153393,306741.649994769,totnewtx2020
MYS,351125.414507234,11711.3786851235,totnewtx2020
NAM,113481.387585201,143372.075962143,totnewtx2020
NCL,1040.15904892921,47.3676990203393,totnewtx2020
NER,140361.036234188,4110.29903381489,totnewtx2020
NGA,1020308.00161146,110693.810279263,totnewtx2020
NIC,54403.7403742942,2370.58252458243,totnewtx2020
NLD,29732.641770645,826.750943871782,totnewtx2020
NOR,8408.89525195798,179.909358002835,totnewtx2020
NPL,496659.295389327,16357.0056841113,totnewtx2020
NZL,8196.20451616721,218.494290410833,totnewtx2020
OMN,9664.28269367906,388.688919243541,totnewtx2020
PAK,4515514.61480005,136980.614468305,totnewtx2020
PAN,26578.926564848,1023.37116898373,totnewtx2020
PER,806463.392052418,26521.9195351098,totnewtx2020
PHL,4067582.73925601,153658.128829319,totnewtx2020
PNG,333653.485509691,14288.058333522,totnewtx2020
POL,145048.171472683,9749.29409693038,totnewtx2020
PRI,1332.17429565299,113.343554042175,totnewtx2020
PRK,1160008.82463895,24441.3180618172,totnewtx2020
PRT,54729.6551929001,4407.46632200707,totnewtx2020
PRY,46359.4455295421,1668.81770176339,totnewtx2020
PSE,1114.50312319244,51.8084220118286,totnewtx2020
PYF,1262.27470062474,46.0028889655357,totnewtx2020
QAT,12235.139409236,145.023626373858,totnewtx2020
ROU,341033.92142032,14508.2653856928,totnewtx2020
RUS,2001630.40187411,90517.4135277606,totnewtx2020
RWA,79563.2981009331,16222.7870453131,totnewtx2020
SAU,88248.4589150411,2805.98539253846,totnewtx2020
SDN,463955.0562538,20795.3571978908,totnewtx2020
SEN,216744.907625014,6264.70004647301,totnewtx2020
SGP,33906.4283566698,1123.37147573395,totnewtx2020
SLB,8356.04322312489,283.070205699111,totnewtx2020
SLE,177611.081571293,5323.90160612779,totnewtx2020
SLV,46729.5031652413,1741.40235703068,totnewtx2020
SOM,211577.686648291,5375.45384294719,totnewtx2020
SRB,18288.6739635673,596.49005990761,totnewtx2020
SSD,75368.2041631421,10615.6771463601,totnewtx2020
STP,2381.72970915567,82.3012601738808,totnewtx2020
SUR,1894.64644260626,75.7239868639117,totnewtx2020
SVK,12502.6476154167,701.487437997715,totnewtx2020
SVN,4873.45944295432,282.916725463651,totnewtx2020
SWE,15597.2801814638,333.116386498305,totnewtx2020
SWZ,63101.6681009209,185187.425478325,totnewtx2020
SYC,257.690876183413,13.4624725929812,totnewtx2020
SYR,100597.305440248,3303.65226283371,totnewtx2020
TCD,127335.925945817,10226.6378504857,totnewtx2020
TGO,28889.6480056458,4652.27372950538,totnewtx2020
THA,844432.629263158,44060.1467375621,totnewtx2020
TJK,106226.346543776,2676.4199796311,totnewtx2020
TKM,59080.7248133615,2517.78517674885,totnewtx2020
TLS,49178.5283060957,1162.20989428061,totnewtx2020
TON,334.139891568428,16.8239157520871,totnewtx2020
TTO,2895.4438035173,143.75479629083,totnewtx2020
TUN,59661.0179876826,1725.93547143608,totnewtx2020
TUR,440351.805741959,17714.2935212696,totnewtx2020
TZA,690596.31435351,363791.240631853,totnewtx2020
UGA,477316.935013635,360246.550004316,totnewtx2020
UKR,568007.333050515,26710.6784997565,totnewtx2020
URY,14947.9205896067,722.686023686676,totnewtx2020
USA,239265.727396171,14489.5620189471,totnewtx2020
UZB,332243.475090553,10622.6490128256,totnewtx2020
VCT,148.762435909335,9.12477357726137,totnewtx2020
VEN,137068.112642841,5096.13367200322,totnewtx2020
VNM,1491546.89427918,66793.4028879523,totnewtx2020
VUT,2803.37343458021,94.1779526384095,totnewtx2020
WSM,113.748736398035,9.54645720199687,totnewtx2020
YEM,200928.21221399,7652.99724738696,totnewtx2020
ZAF,2930432.66976168,3027673.50377638,totnewtx2020
ZMB,447150.285472861,771272.409029838,totnewtx2020
ZWE,369286.699602755,1085678.77847209,totnewtx2020
ABW,6.98600740891327,0.567254283596954,totnotx2020
AFG,355201.428528253,160553.14633431,totnotx2020
AGO,453315.300413487,126456.848504748,totnotx2020
ALB,1112.15444364461,102.101152771665,totnotx2020
ARE,158.087842523563,16.0038488485626,totnotx2020
ARG,26896.1389659179,2426.03631987354,totnotx2020
ARM,3820.21197374058,516.174954625319,totnotx2020
ATG,6.75763775379934,0.667524126151071,totnotx2020
AUS,2753.22843693345,240.579974042795,totnotx2020
AUT,2381.47713535687,219.862227900181,totnotx2020
AZE,17282.3641615219,2220.19728094757,totnotx2020
BDI,58014.9473857077,22364.2032894888,totnotx2020
BEL,3667.57201940155,345.07688742298,totnotx2020
BEN,31613.1263852793,8240.82551764725,totnotx2020
BFA,42979.2263763343,14096.0369963796,totnotx2020
BGD,1933805.1811988,545360.782804187,totnotx2020
BGR,8557.56967208937,1353.58931707009,totnotx2020
BHR,472.507269538873,39.2127238582827,totnotx2020
BHS,101.565323250835,8.08674576676924,totnotx2020
BIH,4824.20171292804,706.30164246207,totnotx2020
BLR,12316.806488704,1672.99569728855,totnotx2020
BLZ,149.125189782846,12.3031806357892,totnotx2020
BOL,68960.9681471605,17650.6929779323,totnotx2020
BRA,158766.566434639,13610.0968368424,totnotx2020
BRB,7.81481468774144,0.608393109635546,totnotx2020
BRN,383.79994055206,33.8617049698035,totnotx2020
BTN,3551.56187095752,496.354811105356,totnotx2020
BWA,17821.2342782629,16353.6961611038,totnotx2020
CAF,97840.3988620626,41477.514540963,totnotx2020
CAN,3465.7012563335,300.822644096406,totnotx2020
CHE,1593.75653747424,142.124021781758,totnotx2020
CHL,5999.80306902792,558.949136660011,totnotx2020
CHN,4466091.49701395,1087947.19805597,totnotx2020
CIV,160357.603909229,92457.5946749159,totnotx2020
CMR,270073.875913706,167451.161589981,totnotx2020
COD,1015702.43065501,260912.758026515,totnotx2020
COG,38418.2113562549,7848.05618233927,totnotx2020
COL,40970.1419419209,5739.30251782865,totnotx2020
COM,1432.39858932774,407.839394602796,totnotx2020
CPV,1134.56325656147,163.214611265316,totnotx2020
CRI,1863.21695152111,256.280791381149,totnotx2020
CUB,1622.05005720142,141.355177005925,totnotx2020
CUW,3.04862506943347,0.237785847224785,totnotx2020
CYP,114.522729284293,9.79173921907635,totnotx2020
CZE,1729.50679620011,156.280561636011,totnotx2020
DEU,14756.5477359734,1339.68442012668,totnotx2020
DJI,10745.0774946242,1407.06570070789,totnotx2020
DNK,920.791253329351,78.2425352123037,totnotx2020
DOM,13386.5333284597,1799.81554331235,totnotx2020
DZA,67480.3900157688,8952.79210266753,totnotx2020
ECU,19988.156271374,2702.6927632443,totnotx2020
EGY,69297.3422232258,4111.28517841207,totnotx2020
ERI,14061.360398241,5756.09504461052,totnotx2020
ESP,10819.0650347287,1046.25457036312,totnotx2020
EST,758.071301667693,71.562136669412,totnotx2020
ETH,1332341.84154692,489137.506157284,totnotx2020
FIN,1063.18501333886,99.7472526306066,totnotx2020
FJI,748.087309090151,104.732467086315,totnotx2020
FRA,19973.1176009503,1570.49037790376,totnotx2020
FSM,491.519006100814,69.7774481348089,totnotx2020
GAB,36949.3910086212,11847.3371202333,totnotx2020
GBR,13455.2556128226,785.777940793417,totnotx2020
GEO,37388.4465627263,13572.3809813936,totnotx2020
GHA,277798.953792885,120237.801743466,totnotx2020
GIN,108189.398464479,35812.1300056979,totnotx2020
GMB,10138.2666008703,1695.65044021997,totnotx2020
GNB,29077.339609922,7658.50147538216,totnotx2020
GNQ,3107.90894186442,302.843653761824,totnotx2020
GRC,724.98113934301,61.7568016561394,totnotx2020
GRD,2.11217744720023,0.174970878151167,totnotx2020
GTM,12889.8317448389,1780.58189221597,totnotx2020
GUM,159.497326972903,14.4036537505424,totnotx2020
GUY,1520.76876978726,192.493707890808,totnotx2020
HKG,9343.73342090733,751.441122483166,totnotx2020
HND,11768.5691960605,1643.69535810518,totnotx2020
HRV,1760.62264221457,169.308510161831,totnotx2020
HTI,91698.0460809546,26080.0083017567,totnotx2020
HUN,2342.6705939662,197.941789053709,totnotx2020
IDN,6310369.66864019,890040.171376669,totnotx2020
IND,19271970.1677525,6637888.09435611,totnotx2020
IRL,1045.50894408725,92.9876470480535,totnotx2020
IRN,36163.6241094608,5214.71616371161,totnotx2020
IRQ,68379.0367803147,6611.18940188411,totnotx2020
ISL,35.1299848796024,3.29887830652709,totnotx2020
ISR,815.573334411684,72.4747430959743,totnotx2020
ITA,8148.73515373694,774.922579917712,totnotx2020
JAM,368.584350611901,50.8786196493519,totnotx2020
JOR,1635.84847395845,229.77731461514,totnotx2020
JPN,38827.6846793232,2944.12491399762,totnotx2020
KAZ,5545.57204375296,1402.39250074035,totnotx2020
KEN,560204.078031106,202578.813874714,totnotx2020
KGZ,10691.0044182341,1183.0166859455,totnotx2020
KHM,353601.486991774,175275.749233467,totnotx2020
KIR,1101.77183824663,150.319109517142,totnotx2020
KOR,51100.4070789135,2415.3669672642,totnotx2020
KWT,1552.29646212515,126.728349964734,totnotx2020
LAO,101840.451246212,60306.2404637588,totnotx2020
LBN,2012.53075518995,174.614251614514,totnotx2020
LBR,61022.7852873208,23999.3953733499,totnotx2020
LBY,10341.1648567859,2445.63504819694,totnotx2020
LCA,12.8678658037638,1.04131163871576,totnotx2020
LKA,46499.3157424569,8310.74898378228,totnotx2020
LSO,41246.4334155358,46941.5732062982,totnotx2020
LTU,3298.78056000438,271.176529777539,totnotx2020
LUX,106.40002810203,9.92205438468423,totnotx2020
LVA,2210.67977273833,185.868772304642,totnotx2020
MAC,813.953823541571,68.738127341103,totnotx2020
MAR,69181.7221408647,5847.49288156741,totnotx2020
MDA,6692.73949317387,775.417813834913,totnotx2020
MDG,308478.95958492,83050.2121661003,totnotx2020
MDV,582.406086807885,84.6461162891325,totnotx2020
MEX,63233.7650079672,8553.67837781906,totnotx2020
MKD,2512.6272563558,377.622473085008,totnotx2020
MLI,39169.5270323386,9815.1950543491,totnotx2020
MLT,65.861569330249,5.7370380462311,totnotx2020
MMR,1609263.59472146,945982.603052036,totnotx2020
MNE,103.914175240443,8.49042067312643,totnotx2020
MNG,96675.1896417031,43762.5868989339,totnotx2020
MOZ,859690.864445174,294408.32213197,totnotx2020
MRT,46286.980398897,16181.7798782141,totnotx2020
MUS,378.595413086407,51.9818610315601,totnotx2020
MWI,97744.9034111598,71234.6367589778,totnotx2020
MYS,31573.1167447412,2595.83167606015,totnotx2020
NAM,35903.9893527883,15947.8472840386,totnotx2020
NCL,133.814388490969,11.7988933592049,totnotx2020
NER,124253.921440527,48153.4712862293,totnotx2020
NGA,2322242.76700303,762669.306222562,totnotx2020
NIC,8967.65617463026,1267.77374519061,totnotx2020
NLD,2474.94787789454,214.151753724843,totnotx2020
NOR,748.339208236299,62.0801987218152,totnotx2020
NPL,90231.5597225961,5691.49213820464,totnotx2020
NZL,870.70059690866,76.6588096679315,totnotx2020
OMN,649.741025490717,57.9871349059544,totnotx2020
PAK,3720021.17036797,1611971.65617418,totnotx2020
PAN,4398.43934889925,569.315355407927,totnotx2020
PER,136451.456919144,19611.7886388285,totnotx2020
PHL,4439000.22437267,2416756.99595813,totnotx2020
PNG,172012.094567292,43545.5200416456,totnotx2020
POL,18119.071513429,1581.17444760668,totnotx2020
PRI,147.649742007964,13.0890685442632,totnotx2020
PRK,482230.606570926,42941.8111607453,totnotx2020
PRT,5856.39953371816,506.841329758818,totnotx2020
PRY,4213.67896669931,348.669843565701,totnotx2020
PSE,163.199000406865,23.8719191954866,totnotx2020
PYF,118.124103342787,10.4321541901668,totnotx2020
QAT,1040.60969243342,82.5087876907055,totnotx2020
ROU,40270.4196799938,3533.11814423411,totnotx2020
RUS,9887.68541475886,2143.93702834929,totnotx2020
RWA,11446.6839960391,1535.72600597772,totnotx2020
SAU,8975.97750166819,808.682078769873,totnotx2020
SDN,166818.215098561,91714.7361413888,totnotx2020
SEN,72575.1172779598,15858.7184347243,totnotx2020
SGP,3508.60860263489,296.902798946471,totnotx2020
SLB,1337.11783524794,182.140441139121,totnotx2020
SLE,102366.71405285,35429.9073731231,totnotx2020
SLV,8412.22073446236,1192.1391481264,totnotx2020
SOM,266228.594132768,80754.7932310222,totnotx2020
SRB,1752.03931803204,142.845205182272,totnotx2020
SSD,22754.8807020392,4976.9262862242,totnotx2020
STP,1043.11552883648,687.775227644996,totnotx2020
SUR,344.939776273526,43.7886409444071,totnotx2020
SVK,1952.54040732264,180.652372839351,totnotx2020
SVN,606.1431127588,56.0784152754514,totnotx2020
SWE,1433.24204939534,121.96951146887,totnotx2020
SWZ,7957.20471848845,5673.10867789169,totnotx2020
SYC,23.2409796636298,2.00006984462034,totnotx2020
SYR,16205.5117108079,2235.70069441305,totnotx2020
TCD,79789.9268934028,20492.0223321013,totnotx2020
TGO,8609.49538936906,1935.26518994591,totnotx2020
THA,769017.732800656,430256.892844325,totnotx2020
TJK,86726.5784695955,41089.0464520598,totnotx2020
TKM,8890.24307547744,1190.76625497213,totnotx2020
TLS,15402.8827607481,3187.84940958794,totnotx2020
TON,44.8982369676207,4.7971624977769,totnotx2020
TTO,316.419521834419,24.5640258788673,totnotx2020
TUN,9288.11911693136,1270.51449493678,totnotx2020
TUR,45852.6717340681,4272.94096008817,totnotx2020
TZA,598427.777544807,383638.707332841,totnotx2020
UGA,150564.931818982,83540.6046293267,totnotx2020
UKR,162725.800462588,60442.9109548768,totnotx2020
URY,1659.3541127513,144.351494999164,totnotx2020
USA,23278.3200813138,2085.81201945096,totnotx2020
UZB,102876.69366023,22750.8532593304,totnotx2020
VCT,44.2315382012641,12.8145718124442,totnotx2020
VEN,22077.5069220756,3023.7620862436,totnotx2020
VNM,1066314.79027156,355471.316382536,totnotx2020
VUT,834.754941934681,189.666742967193,totnotx2020
WSM,10.8146436824328,0.765102593477425,totnotx2020
YEM,60352.3189224274,4190.62920001264,totnotx2020
ZAF,685200.220824801,287412.881915355,totnotx2020
ZMB,123716.198163949,80900.0785055428,totnotx2020
ZWE,55503.6402319028,66709.9938766477,totnotx2020
ABW,3826.83983467172,138.996915414937,LYnewtx2020
AFG,11681826.6980157,504519.905876126,LYnewtx2020
AGO,11123183.9973234,371281.840635076,LYnewtx2020
ALB,384724.09172535,10325.9055875414,LYnewtx2020
ARE,183737.290148453,6479.11231317166,LYnewtx2020
ARG,7409383.2287723,226576.160272148,LYnewtx2020
ARM,536905.023269257,14919.3026830245,LYnewtx2020
ATG,1269.49646802003,41.2965658912141,LYnewtx2020
AUS,689520.966781781,12410.4987897069,LYnewtx2020
AUT,686751.004569269,18926.9012031447,LYnewtx2020
AZE,2313252.97620265,51914.4721504058,LYnewtx2020
BDI,1805865.81133968,589762.953569873,LYnewtx2020
BEL,912216.097669184,21368.4217881342,LYnewtx2020
BEN,1321579.20844457,42221.6657306428,LYnewtx2020
BFA,1058435.62135742,92321.8360798752,LYnewtx2020
BGD,40900464.5285531,1115224.32977658,LYnewtx2020
BGR,1379575.32313459,47129.2069781273,LYnewtx2020
BHR,116751.110208663,1839.05578471918,LYnewtx2020
BHS,25949.3096511865,832.490682421822,LYnewtx2020
BIH,1215106.5234829,52627.1468589046,LYnewtx2020
BLR,2100696.73407426,91448.2510400615,LYnewtx2020
BLZ,36027.3288938377,1166.02275866908,LYnewtx2020
BOL,4618886.3624796,157054.467512503,LYnewtx2020
BRA,44035619.1512796,1423322.28304222,LYnewtx2020
BRB,5475.03029232781,223.597323160147,LYnewtx2020
BRN,101301.940216851,3229.31924497933,LYnewtx2020
BTN,614839.817680919,22994.4298451048,LYnewtx2020
BWA,1862945.95522924,3897651.57674553,LYnewtx2020
CAF,1290951.71648216,673897.487269212,LYnewtx2020
CAN,1013919.91562228,24183.8237031919,LYnewtx2020
CHE,524117.163944896,10347.6398266237,LYnewtx2020
CHL,2116075.1875342,89612.6530728101,LYnewtx2020
CHN,227794923.8826,5801026.36774745,LYnewtx2020
CIV,4661170.1620842,2369371.87255008,LYnewtx2020
CMR,3843644.70794203,826744.357373113,LYnewtx2020
COD,25645588.591383,1240692.58123059,LYnewtx2020
COG,2182653.78534437,549380.895983184,LYnewtx2020
COL,5893427.58558315,191333.627723097,LYnewtx2020
COM,76644.3871375652,3110.73506647662,LYnewtx2020
CPV,152699.132731148,4552.1956389907,LYnewtx2020
CRI,258827.393800382,6425.92109195473,LYnewtx2020
CUB,440296.321259073,14054.9908150805,LYnewtx2020
CUW,256.283128870846,2.16911893332662,LYnewtx2020
CYP,30950.9275153308,462.003907932544,LYnewtx2020
CZE,828914.287498679,37818.2306510815,LYnewtx2020
DEU,7096419.30934451,201734.575616778,LYnewtx2020
DJI,1527191.1395544,55190.9507252953,LYnewtx2020
DNK,226945.468385353,5337.86283426151,LYnewtx2020
DOM,1938727.2427579,84053.3312682919,LYnewtx2020
ECU,3412844.59371174,95671.5669545634,LYnewtx2020
EGY,3942860.39760175,96315.9043897792,LYnewtx2020
ERI,2817118.68760893,131166.745564094,LYnewtx2020
ESP,3987844.54245255,149233.399308559,LYnewtx2020
EST,213036.03590345,8958.29487331322,LYnewtx2020
ETH,44671791.0434303,3044203.26603122,LYnewtx2020
FIN,378234.771465747,14984.4147406585,LYnewtx2020
FJI,99994.3422629148,3192.04450120033,LYnewtx2020
FRA,4990016.23346702,135978.822190444,LYnewtx2020
FSM,73671.3389545231,1540.45445795756,LYnewtx2020
GAB,783132.654973383,197060.190947429,LYnewtx2020
GBR,4328814.69740567,86353.7057007896,LYnewtx2020
GEO,1771116.66650401,46131.7072303593,LYnewtx2020
GHA,3604660.68993324,292511.074487859,LYnewtx2020
GIN,2373971.87264439,97114.8432407225,LYnewtx2020
GMB,582949.271541691,30121.7187274725,LYnewtx2020
GNB,582603.803197376,90581.2470839664,LYnewtx2020
GNQ,177939.003122758,46089.6916834658,LYnewtx2020
GRC,827957.374865293,25725.5357084401,LYnewtx2020
GRD,1009.83870893939,36.6538170482725,LYnewtx2020
GTM,2221789.97935854,82787.3153894277,LYnewtx2020
GUM,33771.1310087092,774.697521722403,LYnewtx2020
GUY,157698.760070874,5214.52638884498,LYnewtx2020
HKG,2844765.57886807,98601.0134922573,LYnewtx2020
HND,1913315.3904952,58963.6412972471,LYnewtx2020
HRV,861890.770647214,38853.5233038635,LYnewtx2020
HTI,4747321.4408565,581849.860846477,LYnewtx2020
HUN,1236790.8817462,68335.9637556026,LYnewtx2020
IDN,64168093.4105935,1421977.32028646,LYnewtx2020
IND,619890379.301663,18990662.1282151,LYnewtx2020
IRL,351768.609179657,8045.50062802782,LYnewtx2020
IRN,5630863.74219996,212650.878876601,LYnewtx2020
IRQ,7012261.28532676,206979.226098885,LYnewtx2020
ISL,9537.62844648628,176.349991443476,LYnewtx2020
ISR,188136.822618809,3894.96667458768,LYnewtx2020
ITA,2103579.02073925,69387.7322411684,LYnewtx2020
JAM,54251.844684279,1973.34954217238,LYnewtx2020
JOR,298017.689033489,6835.56103060564,LYnewtx2020
JPN,15720365.7328798,723069.282816023,LYnewtx2020
KAZ,8735927.16897687,263286.403273455,LYnewtx2020
KEN,16553184.0129477,10489372.7014637,LYnewtx2020
KGZ,2324426.78818133,54442.9276008052,LYnewtx2020
KHM,8900038.45250328,280590.082946182,LYnewtx2020
KIR,127424.968795011,3109.29989345414,LYnewtx2020
KOR,27091496.3105076,1025654.26846683,LYnewtx2020
KWT,410387.069646943,6870.4711415685,LYnewtx2020
LAO,1385215.47158337,71205.9068011405,LYnewtx2020
LBN,583281.004827335,9946.85233181248,LYnewtx2020
LBR,1146395.00635247,139790.607220209,LYnewtx2020
LBY,663135.213848874,13142.9825282257,LYnewtx2020
LCA,9757.53269544184,450.229247764024,LYnewtx2020
LKA,3554515.06658181,124025.644403997,LYnewtx2020
LSO,1964959.47758883,3790613.87762311,LYnewtx2020
LTU,781666.958506586,32980.2142448108,LYnewtx2020
LUX,24135.6950431277,601.210811025868,LYnewtx2020
LVA,536874.107765731,20888.834366792,LYnewtx2020
MAC,243056.124183505,6102.52370409834,LYnewtx2020
MAR,17669664.7168741,374235.279168696,LYnewtx2020
MDA,1496267.51897567,52657.2228465469,LYnewtx2020
MDG,6712418.66687248,202002.271019893,LYnewtx2020
MDV,78474.969402157,1847.13215190185,LYnewtx2020
MEX,9988256.70891152,322499.701056685,LYnewtx2020
MKD,578182.581746182,16416.20827695,LYnewtx2020
MLI,1580708.13973622,73844.9255410042,LYnewtx2020
MLT,14748.6927204696,166.141503041536,LYnewtx2020
MMR,22369497.7428915,492646.177246973,LYnewtx2020
MNE,11908.7501327749,242.490570872209,LYnewtx2020
MNG,1616120.30834606,40906.745506734,LYnewtx2020
MRT,1964687.27966676,72248.4009292836,LYnewtx2020
MUS,68698.4196918549,2451.34276077443,LYnewtx2020
MWI,4672373.19962328,7128646.4544758,LYnewtx2020
MYS,7157922.24626472,195333.961306444,LYnewtx2020
NAM,2630248.63764281,2762791.21117982,LYnewtx2020
NCL,38923.2410887202,1459.86238874756,LYnewtx2020
NER,2082701.69828912,51019.905132976,LYnewtx2020
NGA,14739749.5143826,1543113.64102369,LYnewtx2020
NIC,1456841.55021737,46855.8443574951,LYnewtx2020
NLD,826743.613537737,16183.0186754558,LYnewtx2020
NOR,212473.354351365,3089.11248250214,LYnewtx2020
NPL,8238759.00552724,225348.084440893,LYnewtx2020
NZL,210573.267540357,4333.88873838434,LYnewtx2020
OMN,323248.558878432,9323.43771582591,LYnewtx2020
PAK,90101677.5446209,2593193.63774652,LYnewtx2020
PAN,537160.561532489,15778.3907896479,LYnewtx2020
PER,19797787.3336814,465030.014085098,LYnewtx2020
PHL,88385840.7119527,2795404.61576664,LYnewtx2020
PNG,4718521.36913174,158280.580126717,LYnewtx2020
POL,6176134.0984765,303223.751865815,LYnewtx2020
PRI,80427.3332112873,4202.13084855479,LYnewtx2020
PRK,12605635.704555,208172.186976466,LYnewtx2020
PRT,2356067.49237186,111927.845219749,LYnewtx2020
PRY,1062083.33387223,29164.0815881268,LYnewtx2020
PSE,42480.7945224166,1413.37011540501,LYnewtx2020
PYF,35187.1560108659,1067.36226706729,LYnewtx2020
QAT,211506.232754295,1966.95129956541,LYnewtx2020
ROU,9056878.76053448,287679.398179602,LYnewtx2020
RUS,48023144.1588558,1453463.6129408,LYnewtx2020
RWA,1719276.10602498,398097.462189452,LYnewtx2020
SAU,2539470.03932753,58271.8947839888,LYnewtx2020
SDN,11158815.4341209,381836.884969816,LYnewtx2020
SEN,3887368.42481569,85534.5292481615,LYnewtx2020
SGP,834455.652195801,25529.3587376581,LYnewtx2020
SLB,197167.759070471,5621.27992855969,LYnewtx2020
SLE,2139277.49419404,59805.0050052145,LYnewtx2020
SLV,1101929.71744261,32010.4707837545,LYnewtx2020
SOM,3211451.44330518,75282.2573561052,LYnewtx2020
SRB,216823.489758654,5455.44251246641,LYnewtx2020
SSD,412188.75808334,69779.0386480538,LYnewtx2020
STP,45871.1826021347,1358.87225321184,LYnewtx2020
SUR,38838.8620458621,1274.58672756708,LYnewtx2020
SVK,569427.348898425,24419.8769208955,LYnewtx2020
SVN,222402.207559546,9687.61847422743,LYnewtx2020
SWE,391630.18479429,6092.20014999597,LYnewtx2020
SWZ,1302148.63289051,2825947.59872676,LYnewtx2020
SYC,6946.94780007172,274.014429039444,LYnewtx2020
SYR,2600403.85177424,50687.3843422519,LYnewtx2020
TCD,1790640.85965422,170337.892778438,LYnewtx2020
TGO,535302.974021349,87872.1280759913,LYnewtx2020
THA,21201269.7862186,932482.333843673,LYnewtx2020
TJK,1911356.90373137,44519.1701388472,LYnewtx2020
TKM,1428983.18030971,41950.6311298068,LYnewtx2020
TLS,552181.35678128,9472.84793030019,LYnewtx2020
TON,13262.5362004824,459.663633358464,LYnewtx2020
TTO,63167.9693724154,2584.42954219085,LYnewtx2020
TUN,1398592.95953965,34386.0559464622,LYnewtx2020
TUR,13709664.6944354,413485.355992509,LYnewtx2020
TZA,12524931.6204464,8131702.29092136,LYnewtx2020
UGA,7330972.21092549,7910231.99861229,LYnewtx2020
UKR,13734837.8662669,452000.152182532,LYnewtx2020
URY,448589.981230023,16009.0688083521,LYnewtx2020
USA,8967340.23485108,378186.136450503,LYnewtx2020
UZB,7194469.49702192,186400.712756164,LYnewtx2020
VCT,5251.66606956059,221.079319702083,LYnewtx2020
VEN,2970556.48551525,88157.157993237,LYnewtx2020
VNM,32883522.7796951,1152325.11091376,LYnewtx2020
VUT,76950.7408128492,2074.80881182469,LYnewtx2020
WSM,6164.84358400902,498.539992000931,LYnewtx2020
YEM,4457436.49981715,125522.31193731,LYnewtx2020
ZAF,53174746.617895,39769832.8450121,LYnewtx2020
ZMB,9552614.09472704,17119900.0049403,LYnewtx2020
ZWE,7882463.08499723,22670946.6075644,LYnewtx2020
ABW,61.1467150645868,4.80819062312077,LYnewnotx2020
AFG,8009587.02200803,4268757.54822463,LYnewnotx2020
AGO,9011951.28747143,3017159.71676963,LYnewnotx2020
ALB,33471.5206346168,2777.32529147175,LYnewnotx2020
ARE,2171.80010978002,211.157493371289,LYnewnotx2020
ARG,839135.022387648,71038.9757955922,LYnewnotx2020
ARM,87912.7264786493,11240.2100936687,LYnewnotx2020
ATG,102.940920146756,8.90198494682722,LYnewnotx2020
AUS,64740.1405263067,5429.5851734098,LYnewnotx2020
AUT,78323.6715657521,6579.0126965352,LYnewnotx2020
AZE,328120.900649827,40279.5565373301,LYnewnotx2020
BDI,1507813.77456267,654855.642304886,LYnewnotx2020
BEL,129887.994069335,11535.3428738217,LYnewnotx2020
BEN,813215.841060633,226475.468545799,LYnewnotx2020
BFA,1225411.32453692,487970.96609465,LYnewnotx2020
BGD,49441385.4039956,16710687.5988437,LYnewnotx2020
BGR,293554.934041181,45298.5475006073,LYnewnotx2020
BHR,10724.2321521301,864.791033400353,LYnewnotx2020
BHS,2702.78176238278,204.333647697767,LYnewnotx2020
BIH,213300.276486614,26714.7357346894,LYnewnotx2020
BLR,421459.582294148,54702.8078375334,LYnewnotx2020
BLZ,3486.77300773571,277.481959526319,LYnewnotx2020
BOL,1724790.16908998,425877.230426276,LYnewnotx2020
BRA,4475928.94078426,365767.57337444,LYnewnotx2020
BRB,128.437805637554,9.83596499300914,LYnewnotx2020
BRN,10228.3876836703,855.4695941102,LYnewnotx2020
BTN,92812.1602280913,12411.4852912895,LYnewnotx2020
BWA,473497.087541758,376572.654964501,LYnewnotx2020
CAF,1841548.41828347,994687.373289864,LYnewnotx2020
CAN,89000.774880134,7205.19872547282,LYnewnotx2020
CHE,46398.6458374676,3869.84349244257,LYnewnotx2020
CHL,252260.637239494,21334.4364865245,LYnewnotx2020
CHN,159155154.430893,37590001.1291486,LYnewnotx2020
CIV,4618398.80097602,3131390.30813386,LYnewnotx2020
CMR,8928301.23289606,6558483.8338473,LYnewnotx2020
COD,18237459.5039567,5119064.81856465,LYnewnotx2020
COG,439948.057340179,85252.5809872861,LYnewnotx2020
COL,1104709.97572725,147075.328530048,LYnewnotx2020
COM,38427.7786006963,10299.2644765807,LYnewnotx2020
CPV,36243.3911564609,5187.97018144339,LYnewnotx2020
CRI,47940.6947222426,6279.21203160593,LYnewnotx2020
CUB,48856.9796074916,4056.60328301909,LYnewnotx2020
CUW,18.9573402387207,1.45926960446954,LYnewnotx2020
CYP,2553.96715187175,209.404623548441,LYnewnotx2020
CZE,77668.6417673469,6170.1482593091,LYnewnotx2020
DEU,499253.826426061,40769.7789133671,LYnewnotx2020
DJI,259840.945664082,32874.8108523471,LYnewnotx2020
DNK,25987.6248568925,2120.49051435794,LYnewnotx2020
DOM,357965.714597533,47063.5828343047,LYnewnotx2020
DZA,1352672.50596455,174005.750420201,LYnewnotx2020
ECU,497005.997474781,63764.8797698342,LYnewnotx2020
EGY,1546393.08653953,94917.0560039651,LYnewnotx2020
ERI,179826.308267035,67319.6875715029,LYnewnotx2020
ESP,361481.773822935,34072.4519555185,LYnewnotx2020
EST,32635.1267605929,2868.46613959259,LYnewnotx2020
ETH,40134245.2211575,15982383.5762257,LYnewnotx2020
FIN,51480.486977178,3987.64826384217,LYnewnotx2020
FJI,16651.5107541071,2211.01950278904,LYnewnotx2020
FRA,644403.409244182,47059.7683249707,LYnewnotx2020
FSM,11448.0396824063,1521.41275064234,LYnewnotx2020
GAB,755324.875120797,284242.623295019,LYnewnotx2020
GBR,329543.345207428,18376.781957552,LYnewnotx2020
GEO,1263816.56046618,481791.431553671,LYnewnotx2020
GHA,6094098.36690005,2724334.94071718,LYnewnotx2020
GIN,2473490.98217682,971500.344357181,LYnewnotx2020
GMB,172756.323022291,30845.4238070787,LYnewnotx2020
GNB,650800.610322147,174652.330163828,LYnewnotx2020
GNQ,34566.4705101142,2808.12224867556,LYnewnotx2020
GRC,10043.3843647271,787.301947890438,LYnewnotx2020
GRD,22.2269132217205,1.77300338832289,LYnewnotx2020
GTM,378446.132595945,49698.349220158,LYnewnotx2020
GUM,3527.15144212198,297.895391847488,LYnewnotx2020
GUY,30318.644289446,3837.47576482563,LYnewnotx2020
HKG,283557.929741669,20206.115470502,LYnewnotx2020
HND,312050.27910269,40959.4151233083,LYnewnotx2020
HRV,88001.734093903,7706.93876139348,LYnewnotx2020
HTI,2609234.99211183,791977.813170915,LYnewnotx2020
HUN,115147.759979341,8829.61525181895,LYnewnotx2020
IDN,156077237.277716,31959407.6181436,LYnewnotx2020
IND,504546026.718804,179890645.776015,LYnewnotx2020
IRL,31261.6211548642,2621.42557121916,LYnewnotx2020
IRN,1030688.55116275,134201.306115423,LYnewnotx2020
IRQ,1388257.81025641,132599.372318639,LYnewnotx2020
ISL,1124.11558231533,99.1646746887426,LYnewnotx2020
ISR,19201.1017580317,1602.30141134182,LYnewnotx2020
ITA,254781.151001139,22695.716176252,LYnewnotx2020
JAM,12794.475806514,1702.72030231475,LYnewnotx2020
JOR,45657.1698611259,6035.67653145896,LYnewnotx2020
JPN,1653697.48063737,110543.152190086,LYnewnotx2020
KAZ,103345.78852225,25596.0534486088,LYnewnotx2020
KEN,9221239.18597558,3850037.346762,LYnewnotx2020
KGZ,212439.051974173,26929.6218376626,LYnewnotx2020
KHM,9859361.75740913,5448524.27507359,LYnewnotx2020
KIR,20219.5411628804,2657.79526221627,LYnewnotx2020
KOR,2011608.15950023,83763.7515858048,LYnewnotx2020
KWT,35339.5999433893,2790.81212500653,LYnewnotx2020
LAO,4740265.34346385,3515863.87920088,LYnewnotx2020
LBN,55753.8497380678,4589.23941901569,LYnewnotx2020
LBR,1282226.83906572,669452.170373083,LYnewnotx2020
LBY,185250.48276427,44711.170461493,LYnewnotx2020
LCA,185.674332312487,14.4049982622148,LYnewnotx2020
LKA,1011585.55921246,181963.750418547,LYnewnotx2020
LSO,958251.180660403,826812.176294402,LYnewnotx2020
LTU,113537.449292124,9055.7337302363,LYnewnotx2020
LUX,3206.48141141605,287.174793166769,LYnewnotx2020
LVA,75874.8886559982,6068.20730770637,LYnewnotx2020
MAC,21745.0389139934,1703.94174591588,LYnewnotx2020
MAR,1563763.30294542,126935.756834546,LYnewnotx2020
MDA,198215.054091088,27891.1294654802,LYnewnotx2020
MDG,6227227.97658022,1814620.77708689,LYnewnotx2020
MDV,14575.8201971842,2016.23579863139,LYnewnotx2020
MEX,1631780.91600628,209043.792272214,LYnewnotx2020
MKD,92415.9822408239,12155.5910178038,LYnewnotx2020
MLI,883456.84432573,231230.811370588,LYnewnotx2020
MLT,1031.96624754237,90.8020123338951,LYnewnotx2020
MMR,43058238.8795525,29659365.1622046,LYnewnotx2020
MNE,1122.57572911601,88.023693924119,LYnewnotx2020
MNG,1983684.38914068,960132.995019194,LYnewnotx2020
MOZ,17795930.7234434,7612394.48429546,LYnewnotx2020
MRT,1750884.42149408,606730.263063222,LYnewnotx2020
MUS,11334.416360609,1485.49889910949,LYnewnotx2020
MWI,1921241.16281364,1494037.11056075,LYnewnotx2020
MYS,596932.373655322,47081.4012714826,LYnewnotx2020
NAM,828304.182357642,322880.549361253,LYnewnotx2020
NCL,5021.940871054,387.241175374004,LYnewnotx2020
NER,2911888.55948204,1387251.60237008,LYnewnotx2020
NGA,48749017.4326875,22281149.4144486,LYnewnotx2020
NIC,252271.86824272,33891.037749911,LYnewnotx2020
NLD,62817.2204175956,5099.95459721456,LYnewnotx2020
NOR,17922.6657838989,1433.8967426384,LYnewnotx2020
NPL,1546398.87843061,91849.4662942794,LYnewnotx2020
NZL,22530.6793832961,1887.77055778773,LYnewnotx2020
OMN,12048.1538506298,1052.76354289478,LYnewnotx2020
PAK,93765898.2848777,44098273.9195175,LYnewnotx2020
PAN,92682.0612160673,11809.1222076064,LYnewnotx2020
PER,3599355.92142985,495846.756857079,LYnewnotx2020
PHL,136514082.78779,84558558.1470853,LYnewnotx2020
PNG,3544323.60627111,1023533.28390565,LYnewnotx2020
POL,904144.85577517,73332.3641178831,LYnewnotx2020
PRI,8757.30894762179,686.115452167181,LYnewnotx2020
PRK,8540915.37578403,852356.647113025,LYnewnotx2020
PRT,258682.596242559,21269.0739347708,LYnewnotx2020
PRY,87537.2262453895,6911.64716140831,LYnewnotx2020
PSE,5772.44481460442,748.637939175544,LYnewnotx2020
PYF,2989.92371180128,242.228772654835,LYnewnotx2020
QAT,17904.348066435,1397.20011584526,LYnewnotx2020
ROU,1215899.66919278,100841.662559012,LYnewnotx2020
RUS,106360.877254623,23076.4471270122,LYnewnotx2020
RWA,239541.726053989,32382.5984892583,LYnewnotx2020
SAU,274553.996996554,23394.498466903,LYnewnotx2020
SDN,5226940.90062397,3406311.6889238,LYnewnotx2020
SEN,1608824.8850344,372232.751546238,LYnewnotx2020
SGP,89172.8193352882,7063.40891206021,LYnewnotx2020
SLB,31339.8319318646,4054.53692522789,LYnewnotx2020
SLE,1993007.23849786,872822.877021499,LYnewnotx2020
SLV,219134.494156926,30404.1521422485,LYnewnotx2020
SOM,5146727.93299235,1852808.5086861,LYnewnotx2020
SRB,20156.4140307938,1562.1479746535,LYnewnotx2020
SSD,163870.399748435,35189.9785004853,LYnewnotx2020
STP,20043.1010423416,14837.5469764465,LYnewnotx2020
SUR,6340.15368152709,763.787519793748,LYnewnotx2020
SVK,98918.8859250541,8016.49929104676,LYnewnotx2020
SVN,29924.9200457232,2422.27937918018,LYnewnotx2020
SWE,35273.3704541483,2882.73677207269,LYnewnotx2020
SWZ,159489.161935258,85096.8012792441,LYnewnotx2020
SYC,530.469158883941,42.7345068351818,LYnewnotx2020
SYR,421163.85141146,54918.2730129124,LYnewnotx2020
TCD,1467108.74984758,420977.387766453,LYnewnotx2020
TGO,202210.835634805,47302.1979970167,LYnewnotx2020
THA,36189871.5518141,22674788.9224676,LYnewnotx2020
TJK,2907001.60353334,1573686.27361308,LYnewnotx2020
TKM,211918.040792485,26816.7896776811,LYnewnotx2020
TLS,152395.242621405,28754.115316604,LYnewnotx2020
TON,1773.81454775184,160.673229323091,LYnewnotx2020
TTO,6833.63579365634,518.080483340769,LYnewnotx2020
TUN,216885.046144891,28148.8016739253,LYnewnotx2020
TUR,1530092.19584867,130818.392179588,LYnewnotx2020
TZA,12105320.6665609,9292497.14190381,LYnewnotx2020
UGA,2406465.25769979,2055316.23775001,LYnewnotx2020
UKR,5275756.22239067,2370381.02842327,LYnewnotx2020
URY,54230.2624727629,4554.54022004362,LYnewnotx2020
USA,905775.673591815,73007.0174982262,LYnewnotx2020
UZB,2252168.0721044,491892.13048248,LYnewnotx2020
VCT,2081.07408573003,641.080637976056,LYnewnotx2020
VEN,517581.706958976,68705.0092003146,LYnewnotx2020
VNM,29339486.0894599,10278277.3152396,LYnewnotx2020
VUT,20791.0820817216,4636.35524166007,LYnewnotx2020
WSM,556.828056914053,40.0142005162479,LYnewnotx2020
YEM,1396574.96178114,98186.0155625083,LYnewnotx2020
ZAF,16164786.5758093,5810491.64542604,LYnewnotx2020
ZMB,2233037.78203158,1667312.81034357,LYnewnotx2020
ZWE,1246622.02712115,1431208.27094845,LYnewnotx2020
